year,epiweek,Nextstrain_clade,clade_samples,total_samples,epiweek_year,epidate,clade_pct
2020,3,"20I (Alpha, V1)",1,1,2020_03,2020-01-12,1
2020,4,19B,6,6,2020_04,2020-01-19,1
2020,6,20C,1,1,2020_06,2020-02-02,1
2020,8,19A,21,22,2020_08,2020-02-16,0.9545454545454546
2020,8,20C,1,22,2020_08,2020-02-16,0.045454545454545456
2020,9,19A,5,6,2020_09,2020-02-23,0.8333333333333334
2020,9,19B,1,6,2020_09,2020-02-23,0.16666666666666666
2020,10,19A,1,32,2020_10,2020-03-01,0.03125
2020,10,19B,20,32,2020_10,2020-03-01,0.625
2020,10,20A,4,32,2020_10,2020-03-01,0.125
2020,10,20B,3,32,2020_10,2020-03-01,0.09375
2020,10,20C,4,32,2020_10,2020-03-01,0.125
2020,11,19A,14,316,2020_11,2020-03-08,0.04430379746835443
2020,11,19B,130,316,2020_11,2020-03-08,0.41139240506329117
2020,11,20A,45,316,2020_11,2020-03-08,0.14240506329113925
2020,11,20B,8,316,2020_11,2020-03-08,0.02531645569620253
2020,11,20C,119,316,2020_11,2020-03-08,0.37658227848101267
2020,12,19A,15,382,2020_12,2020-03-15,0.03926701570680628
2020,12,19B,68,382,2020_12,2020-03-15,0.17801047120418848
2020,12,20A,35,382,2020_12,2020-03-15,0.09162303664921466
2020,12,20B,14,382,2020_12,2020-03-15,0.03664921465968586
2020,12,20C,242,382,2020_12,2020-03-15,0.6335078534031413
2020,12,20G,2,382,2020_12,2020-03-15,0.005235602094240838
2020,12,"20H (Beta, V2)",1,382,2020_12,2020-03-15,0.002617801047120419
2020,12,"20I (Alpha, V1)",3,382,2020_12,2020-03-15,0.007853403141361256
2020,12,"20J (Gamma, V3)",1,382,2020_12,2020-03-15,0.002617801047120419
2020,12,21C (Epsilon),1,382,2020_12,2020-03-15,0.002617801047120419
2020,13,19A,9,275,2020_13,2020-03-22,0.03272727272727273
2020,13,19B,61,275,2020_13,2020-03-22,0.22181818181818183
2020,13,20A,37,275,2020_13,2020-03-22,0.13454545454545455
2020,13,20B,9,275,2020_13,2020-03-22,0.03272727272727273
2020,13,20C,159,275,2020_13,2020-03-22,0.5781818181818181
2020,14,19A,2,415,2020_14,2020-03-29,0.004819277108433735
2020,14,19B,28,415,2020_14,2020-03-29,0.06746987951807229
2020,14,20A,86,415,2020_14,2020-03-29,0.20722891566265061
2020,14,20B,25,415,2020_14,2020-03-29,0.060240963855421686
2020,14,20C,274,415,2020_14,2020-03-29,0.6602409638554216
2020,15,19A,14,404,2020_15,2020-04-05,0.034653465346534656
2020,15,19B,30,404,2020_15,2020-04-05,0.07425742574257425
2020,15,20A,120,404,2020_15,2020-04-05,0.297029702970297
2020,15,20B,21,404,2020_15,2020-04-05,0.05198019801980198
2020,15,20C,219,404,2020_15,2020-04-05,0.5420792079207921
2020,16,19A,3,419,2020_16,2020-04-12,0.007159904534606206
2020,16,19B,7,419,2020_16,2020-04-12,0.016706443914081145
2020,16,20A,131,419,2020_16,2020-04-12,0.3126491646778043
2020,16,20B,33,419,2020_16,2020-04-12,0.07875894988066826
2020,16,20C,244,419,2020_16,2020-04-12,0.5823389021479713
2020,16,20G,1,419,2020_16,2020-04-12,0.002386634844868735
2020,17,19A,3,625,2020_17,2020-04-19,0.0048
2020,17,19B,13,625,2020_17,2020-04-19,0.0208
2020,17,20A,155,625,2020_17,2020-04-19,0.248
2020,17,20B,50,625,2020_17,2020-04-19,0.08
2020,17,20C,402,625,2020_17,2020-04-19,0.6432
2020,17,20G,2,625,2020_17,2020-04-19,0.0032
2020,18,19B,9,534,2020_18,2020-04-26,0.016853932584269662
2020,18,20A,135,534,2020_18,2020-04-26,0.25280898876404495
2020,18,20B,15,534,2020_18,2020-04-26,0.028089887640449437
2020,18,20C,372,534,2020_18,2020-04-26,0.6966292134831461
2020,18,20G,2,534,2020_18,2020-04-26,0.003745318352059925
2020,18,21C (Epsilon),1,534,2020_18,2020-04-26,0.0018726591760299626
2020,19,19B,4,423,2020_19,2020-05-03,0.009456264775413711
2020,19,20A,72,423,2020_19,2020-05-03,0.1702127659574468
2020,19,20B,6,423,2020_19,2020-05-03,0.014184397163120567
2020,19,20C,340,423,2020_19,2020-05-03,0.8037825059101655
2020,19,20G,1,423,2020_19,2020-05-03,0.002364066193853428
2020,20,19A,1,451,2020_20,2020-05-10,0.0022172949002217295
2020,20,19B,5,451,2020_20,2020-05-10,0.011086474501108648
2020,20,20A,121,451,2020_20,2020-05-10,0.2682926829268293
2020,20,20B,6,451,2020_20,2020-05-10,0.013303769401330377
2020,20,20C,317,451,2020_20,2020-05-10,0.7028824833702882
2020,20,20G,1,451,2020_20,2020-05-10,0.0022172949002217295
2020,21,19B,2,488,2020_21,2020-05-17,0.004098360655737705
2020,21,20A,80,488,2020_21,2020-05-17,0.16393442622950818
2020,21,20B,12,488,2020_21,2020-05-17,0.02459016393442623
2020,21,20C,394,488,2020_21,2020-05-17,0.8073770491803278
2020,22,20A,49,326,2020_22,2020-05-24,0.15030674846625766
2020,22,20B,18,326,2020_22,2020-05-24,0.05521472392638037
2020,22,20C,259,326,2020_22,2020-05-24,0.7944785276073619
2020,23,19B,1,252,2020_23,2020-05-31,0.003968253968253968
2020,23,20A,40,252,2020_23,2020-05-31,0.15873015873015872
2020,23,20B,24,252,2020_23,2020-05-31,0.09523809523809523
2020,23,20C,187,252,2020_23,2020-05-31,0.7420634920634921
2020,24,20A,34,182,2020_24,2020-06-07,0.18681318681318682
2020,24,20B,28,182,2020_24,2020-06-07,0.15384615384615385
2020,24,20C,120,182,2020_24,2020-06-07,0.6593406593406593
2020,25,20A,99,411,2020_25,2020-06-14,0.24087591240875914
2020,25,20B,26,411,2020_25,2020-06-14,0.06326034063260341
2020,25,20C,268,411,2020_25,2020-06-14,0.6520681265206812
2020,25,20G,18,411,2020_25,2020-06-14,0.043795620437956206
2020,26,20A,50,225,2020_26,2020-06-21,0.2222222222222222
2020,26,20B,42,225,2020_26,2020-06-21,0.18666666666666668
2020,26,20C,127,225,2020_26,2020-06-21,0.5644444444444444
2020,26,20G,6,225,2020_26,2020-06-21,0.02666666666666667
2020,27,19A,1,291,2020_27,2020-06-28,0.003436426116838488
2020,27,19B,1,291,2020_27,2020-06-28,0.003436426116838488
2020,27,20A,111,291,2020_27,2020-06-28,0.38144329896907214
2020,27,20B,46,291,2020_27,2020-06-28,0.15807560137457044
2020,27,20C,124,291,2020_27,2020-06-28,0.4261168384879725
2020,27,20G,8,291,2020_27,2020-06-28,0.027491408934707903
2020,28,20A,171,630,2020_28,2020-07-05,0.2714285714285714
2020,28,20B,92,630,2020_28,2020-07-05,0.14603174603174604
2020,28,20C,328,630,2020_28,2020-07-05,0.5206349206349207
2020,28,20G,39,630,2020_28,2020-07-05,0.06190476190476191
2020,29,20A,122,587,2020_29,2020-07-12,0.20783645655877342
2020,29,20B,98,587,2020_29,2020-07-12,0.16695059625212946
2020,29,20C,328,587,2020_29,2020-07-12,0.5587734241908007
2020,29,20D,1,587,2020_29,2020-07-12,0.0017035775127768314
2020,29,20G,38,587,2020_29,2020-07-12,0.06473594548551959
2020,30,20A,129,502,2020_30,2020-07-19,0.25697211155378485
2020,30,20B,43,502,2020_30,2020-07-19,0.08565737051792828
2020,30,20C,304,502,2020_30,2020-07-19,0.6055776892430279
2020,30,20G,26,502,2020_30,2020-07-19,0.05179282868525897
2020,31,20A,98,362,2020_31,2020-07-26,0.27071823204419887
2020,31,20B,40,362,2020_31,2020-07-26,0.11049723756906077
2020,31,20C,189,362,2020_31,2020-07-26,0.5220994475138122
2020,31,20G,34,362,2020_31,2020-07-26,0.09392265193370165
2020,31,21J (Delta),1,362,2020_31,2020-07-26,0.0027624309392265192
2020,32,20A,131,418,2020_32,2020-08-02,0.3133971291866029
2020,32,20B,43,418,2020_32,2020-08-02,0.10287081339712918
2020,32,20C,190,418,2020_32,2020-08-02,0.45454545454545453
2020,32,20G,54,418,2020_32,2020-08-02,0.1291866028708134
2020,33,19A,1,645,2020_33,2020-08-09,0.0015503875968992248
2020,33,20A,228,645,2020_33,2020-08-09,0.35348837209302325
2020,33,20B,65,645,2020_33,2020-08-09,0.10077519379844961
2020,33,20C,220,645,2020_33,2020-08-09,0.34108527131782945
2020,33,20D,1,645,2020_33,2020-08-09,0.0015503875968992248
2020,33,20G,130,645,2020_33,2020-08-09,0.20155038759689922
2020,34,19A,1,499,2020_34,2020-08-16,0.002004008016032064
2020,34,20A,161,499,2020_34,2020-08-16,0.3226452905811623
2020,34,20B,46,499,2020_34,2020-08-16,0.09218436873747494
2020,34,20C,203,499,2020_34,2020-08-16,0.40681362725450904
2020,34,20D,1,499,2020_34,2020-08-16,0.002004008016032064
2020,34,20G,87,499,2020_34,2020-08-16,0.1743486973947896
2020,35,20A,77,208,2020_35,2020-08-23,0.3701923076923077
2020,35,20B,36,208,2020_35,2020-08-23,0.17307692307692307
2020,35,20C,80,208,2020_35,2020-08-23,0.38461538461538464
2020,35,20G,15,208,2020_35,2020-08-23,0.07211538461538461
2020,36,19A,1,259,2020_36,2020-08-30,0.003861003861003861
2020,36,20A,84,259,2020_36,2020-08-30,0.32432432432432434
2020,36,20B,30,259,2020_36,2020-08-30,0.11583011583011583
2020,36,20C,123,259,2020_36,2020-08-30,0.4749034749034749
2020,36,20D,1,259,2020_36,2020-08-30,0.003861003861003861
2020,36,20G,20,259,2020_36,2020-08-30,0.07722007722007722
2020,37,20A,52,185,2020_37,2020-09-06,0.2810810810810811
2020,37,20B,26,185,2020_37,2020-09-06,0.14054054054054055
2020,37,20C,86,185,2020_37,2020-09-06,0.4648648648648649
2020,37,20G,20,185,2020_37,2020-09-06,0.10810810810810811
2020,37,21C (Epsilon),1,185,2020_37,2020-09-06,0.005405405405405406
2020,38,20A,245,433,2020_38,2020-09-13,0.5658198614318707
2020,38,20B,26,433,2020_38,2020-09-13,0.06004618937644342
2020,38,20C,119,433,2020_38,2020-09-13,0.2748267898383372
2020,38,20G,41,433,2020_38,2020-09-13,0.09468822170900693
2020,38,21C (Epsilon),2,433,2020_38,2020-09-13,0.004618937644341801
2020,39,20A,200,382,2020_39,2020-09-20,0.5235602094240838
2020,39,20B,34,382,2020_39,2020-09-20,0.08900523560209424
2020,39,20C,97,382,2020_39,2020-09-20,0.25392670157068065
2020,39,20G,49,382,2020_39,2020-09-20,0.12827225130890052
2020,39,21C (Epsilon),2,382,2020_39,2020-09-20,0.005235602094240838
2020,40,20A,128,390,2020_40,2020-09-27,0.3282051282051282
2020,40,20B,52,390,2020_40,2020-09-27,0.13333333333333333
2020,40,20C,95,390,2020_40,2020-09-27,0.24358974358974358
2020,40,20G,115,390,2020_40,2020-09-27,0.2948717948717949
2020,41,19A,8,577,2020_41,2020-10-04,0.01386481802426343
2020,41,19B,2,577,2020_41,2020-10-04,0.0034662045060658577
2020,41,20A,169,577,2020_41,2020-10-04,0.292894280762565
2020,41,20B,129,577,2020_41,2020-10-04,0.22357019064124783
2020,41,20C,82,577,2020_41,2020-10-04,0.14211438474870017
2020,41,20G,183,577,2020_41,2020-10-04,0.317157712305026
2020,41,"20H (Beta, V2)",1,577,2020_41,2020-10-04,0.0017331022530329288
2020,41,"20J (Gamma, V3)",1,577,2020_41,2020-10-04,0.0017331022530329288
2020,41,21C (Epsilon),1,577,2020_41,2020-10-04,0.0017331022530329288
2020,41,21J (Delta),1,577,2020_41,2020-10-04,0.0017331022530329288
2020,42,20A,172,694,2020_42,2020-10-11,0.2478386167146974
2020,42,20B,201,694,2020_42,2020-10-11,0.2896253602305475
2020,42,20C,88,694,2020_42,2020-10-11,0.12680115273775217
2020,42,20D,1,694,2020_42,2020-10-11,0.001440922190201729
2020,42,20G,231,694,2020_42,2020-10-11,0.33285302593659943
2020,42,21C (Epsilon),1,694,2020_42,2020-10-11,0.001440922190201729
2020,43,20A,105,542,2020_43,2020-10-18,0.1937269372693727
2020,43,20B,127,542,2020_43,2020-10-18,0.23431734317343172
2020,43,20C,101,542,2020_43,2020-10-18,0.1863468634686347
2020,43,20G,202,542,2020_43,2020-10-18,0.3726937269372694
2020,43,21C (Epsilon),7,542,2020_43,2020-10-18,0.012915129151291513
2020,44,19A,1,304,2020_44,2020-10-25,0.003289473684210526
2020,44,20A,71,304,2020_44,2020-10-25,0.23355263157894737
2020,44,20B,104,304,2020_44,2020-10-25,0.34210526315789475
2020,44,20C,44,304,2020_44,2020-10-25,0.14473684210526316
2020,44,20G,79,304,2020_44,2020-10-25,0.2598684210526316
2020,44,21C (Epsilon),5,304,2020_44,2020-10-25,0.01644736842105263
2020,45,19A,1,492,2020_45,2020-11-01,0.0020325203252032522
2020,45,20A,138,492,2020_45,2020-11-01,0.2804878048780488
2020,45,20B,65,492,2020_45,2020-11-01,0.13211382113821138
2020,45,20C,57,492,2020_45,2020-11-01,0.11585365853658537
2020,45,20G,198,492,2020_45,2020-11-01,0.4024390243902439
2020,45,21C (Epsilon),33,492,2020_45,2020-11-01,0.06707317073170732
2020,46,20A,203,660,2020_46,2020-11-08,0.30757575757575756
2020,46,20B,100,660,2020_46,2020-11-08,0.15151515151515152
2020,46,20C,89,660,2020_46,2020-11-08,0.13484848484848486
2020,46,20G,234,660,2020_46,2020-11-08,0.35454545454545455
2020,46,21C (Epsilon),34,660,2020_46,2020-11-08,0.051515151515151514
2020,47,20A,168,755,2020_47,2020-11-15,0.22251655629139072
2020,47,20B,94,755,2020_47,2020-11-15,0.12450331125827814
2020,47,20C,97,755,2020_47,2020-11-15,0.12847682119205298
2020,47,20D,2,755,2020_47,2020-11-15,0.0026490066225165563
2020,47,20G,366,755,2020_47,2020-11-15,0.4847682119205298
2020,47,"20H (Beta, V2)",2,755,2020_47,2020-11-15,0.0026490066225165563
2020,47,21C (Epsilon),25,755,2020_47,2020-11-15,0.033112582781456956
2020,47,21J (Delta),1,755,2020_47,2020-11-15,0.0013245033112582781
2020,48,19A,4,528,2020_48,2020-11-22,0.007575757575757576
2020,48,20A,122,528,2020_48,2020-11-22,0.23106060606060605
2020,48,20B,58,528,2020_48,2020-11-22,0.10984848484848485
2020,48,20C,66,528,2020_48,2020-11-22,0.125
2020,48,20G,261,528,2020_48,2020-11-22,0.4943181818181818
2020,48,21C (Epsilon),15,528,2020_48,2020-11-22,0.028409090909090908
2020,48,21F (Iota),2,528,2020_48,2020-11-22,0.003787878787878788
2020,49,20A,604,1995,2020_49,2020-11-29,0.30275689223057645
2020,49,20B,167,1995,2020_49,2020-11-29,0.0837092731829574
2020,49,20C,205,1995,2020_49,2020-11-29,0.10275689223057644
2020,49,20E (EU1),1,1995,2020_49,2020-11-29,5.012531328320802e-4
2020,49,20G,777,1995,2020_49,2020-11-29,0.3894736842105263
2020,49,21C (Epsilon),241,1995,2020_49,2020-11-29,0.12080200501253133
2020,50,19A,1,924,2020_50,2020-12-06,0.0010822510822510823
2020,50,19B,1,924,2020_50,2020-12-06,0.0010822510822510823
2020,50,20A,272,924,2020_50,2020-12-06,0.2943722943722944
2020,50,20B,93,924,2020_50,2020-12-06,0.10064935064935066
2020,50,20C,129,924,2020_50,2020-12-06,0.1396103896103896
2020,50,20D,3,924,2020_50,2020-12-06,0.003246753246753247
2020,50,20E (EU1),1,924,2020_50,2020-12-06,0.0010822510822510823
2020,50,20G,373,924,2020_50,2020-12-06,0.4036796536796537
2020,50,21C (Epsilon),45,924,2020_50,2020-12-06,0.048701298701298704
2020,50,21F (Iota),6,924,2020_50,2020-12-06,0.006493506493506494
2020,51,19B,1,3091,2020_51,2020-12-13,3.2351989647363315e-4
2020,51,20A,900,3091,2020_51,2020-12-13,0.2911679068262698
2020,51,20B,265,3091,2020_51,2020-12-13,0.08573277256551277
2020,51,20C,424,3091,2020_51,2020-12-13,0.13717243610482044
2020,51,20D,2,3091,2020_51,2020-12-13,6.470397929472663e-4
2020,51,20E (EU1),2,3091,2020_51,2020-12-13,6.470397929472663e-4
2020,51,20G,997,3091,2020_51,2020-12-13,0.3225493367842122
2020,51,"20H (Beta, V2)",2,3091,2020_51,2020-12-13,6.470397929472663e-4
2020,51,21C (Epsilon),497,3091,2020_51,2020-12-13,0.16078938854739566
2020,51,21F (Iota),1,3091,2020_51,2020-12-13,3.2351989647363315e-4
2020,52,19A,1,1098,2020_52,2020-12-20,9.107468123861566e-4
2020,52,20A,313,1098,2020_52,2020-12-20,0.28506375227686703
2020,52,20B,98,1098,2020_52,2020-12-20,0.08925318761384335
2020,52,20C,166,1098,2020_52,2020-12-20,0.151183970856102
2020,52,20G,380,1098,2020_52,2020-12-20,0.3460837887067395
2020,52,"20I (Alpha, V1)",1,1098,2020_52,2020-12-20,9.107468123861566e-4
2020,52,21C (Epsilon),133,1098,2020_52,2020-12-20,0.12112932604735883
2020,52,21F (Iota),5,1098,2020_52,2020-12-20,0.004553734061930784
2020,52,21J (Delta),1,1098,2020_52,2020-12-20,9.107468123861566e-4
2020,53,19A,3,1177,2020_53,2020-12-27,0.002548853016142736
2020,53,19B,1,1177,2020_53,2020-12-27,8.496176720475786e-4
2020,53,20A,271,1177,2020_53,2020-12-27,0.23024638912489379
2020,53,20B,89,1177,2020_53,2020-12-27,0.07561597281223449
2020,53,20C,155,1177,2020_53,2020-12-27,0.13169073916737467
2020,53,20D,5,1177,2020_53,2020-12-27,0.004248088360237893
2020,53,20E (EU1),2,1177,2020_53,2020-12-27,0.0016992353440951572
2020,53,20G,464,1177,2020_53,2020-12-27,0.39422259983007646
2020,53,"20I (Alpha, V1)",7,1177,2020_53,2020-12-27,0.00594732370433305
2020,53,21C (Epsilon),173,1177,2020_53,2020-12-27,0.1469838572642311
2020,53,21F (Iota),5,1177,2020_53,2020-12-27,0.004248088360237893
2020,53,21J (Delta),1,1177,2020_53,2020-12-27,8.496176720475786e-4
2020,53,21K (Omicron),1,1177,2020_53,2020-12-27,8.496176720475786e-4
2021,1,19B,2,1453,2021_01,2021-01-03,0.0013764624913971094
2021,1,20A,287,1453,2021_01,2021-01-03,0.19752236751548521
2021,1,20B,137,1453,2021_01,2021-01-03,0.09428768066070199
2021,1,20C,146,1453,2021_01,2021-01-03,0.10048176187198898
2021,1,20D,1,1453,2021_01,2021-01-03,6.882312456985547e-4
2021,1,20G,557,1453,2021_01,2021-01-03,0.383344803854095
2021,1,"20H (Beta, V2)",1,1453,2021_01,2021-01-03,6.882312456985547e-4
2021,1,"20I (Alpha, V1)",24,1453,2021_01,2021-01-03,0.016517549896765314
2021,1,"20J (Gamma, V3)",2,1453,2021_01,2021-01-03,0.0013764624913971094
2021,1,21C (Epsilon),283,1453,2021_01,2021-01-03,0.194769442532691
2021,1,21F (Iota),6,1453,2021_01,2021-01-03,0.0041293874741913286
2021,1,21K (Omicron),7,1453,2021_01,2021-01-03,0.004817618719889883
2021,2,19B,1,2214,2021_02,2021-01-10,4.5167118337850043e-4
2021,2,20A,414,2214,2021_02,2021-01-10,0.18699186991869918
2021,2,20B,222,2214,2021_02,2021-01-10,0.1002710027100271
2021,2,20C,152,2214,2021_02,2021-01-10,0.06865401987353206
2021,2,20D,2,2214,2021_02,2021-01-10,9.033423667570009e-4
2021,2,20E (EU1),7,2214,2021_02,2021-01-10,0.0031616982836495033
2021,2,20G,1052,2214,2021_02,2021-01-10,0.4751580849141825
2021,2,"20H (Beta, V2)",3,2214,2021_02,2021-01-10,0.0013550135501355014
2021,2,"20I (Alpha, V1)",33,2214,2021_02,2021-01-10,0.014905149051490514
2021,2,"20J (Gamma, V3)",1,2214,2021_02,2021-01-10,4.5167118337850043e-4
2021,2,21C (Epsilon),297,2214,2021_02,2021-01-10,0.13414634146341464
2021,2,21F (Iota),23,2214,2021_02,2021-01-10,0.01038843721770551
2021,2,21G (Lambda),2,2214,2021_02,2021-01-10,9.033423667570009e-4
2021,2,21J (Delta),5,2214,2021_02,2021-01-10,0.002258355916892502
2021,3,20A,595,2615,2021_03,2021-01-17,0.22753346080305928
2021,3,20B,200,2615,2021_03,2021-01-17,0.07648183556405354
2021,3,20C,165,2615,2021_03,2021-01-17,0.06309751434034416
2021,3,20E (EU1),5,2615,2021_03,2021-01-17,0.0019120458891013384
2021,3,20G,1146,2615,2021_03,2021-01-17,0.4382409177820268
2021,3,"20H (Beta, V2)",2,2615,2021_03,2021-01-17,7.648183556405354e-4
2021,3,"20I (Alpha, V1)",65,2615,2021_03,2021-01-17,0.0248565965583174
2021,3,"20J (Gamma, V3)",5,2615,2021_03,2021-01-17,0.0019120458891013384
2021,3,21C (Epsilon),401,2615,2021_03,2021-01-17,0.15334608030592733
2021,3,21F (Iota),29,2615,2021_03,2021-01-17,0.011089866156787764
2021,3,21K (Omicron),2,2615,2021_03,2021-01-17,7.648183556405354e-4
2021,4,19B,2,1354,2021_04,2021-01-24,0.0014771048744460858
2021,4,20A,206,1354,2021_04,2021-01-24,0.15214180206794684
2021,4,20B,113,1354,2021_04,2021-01-24,0.08345642540620384
2021,4,20C,162,1354,2021_04,2021-01-24,0.11964549483013294
2021,4,20D,1,1354,2021_04,2021-01-24,7.385524372230429e-4
2021,4,20E (EU1),1,1354,2021_04,2021-01-24,7.385524372230429e-4
2021,4,20G,531,1354,2021_04,2021-01-24,0.39217134416543575
2021,4,"20H (Beta, V2)",3,1354,2021_04,2021-01-24,0.0022156573116691287
2021,4,"20I (Alpha, V1)",65,1354,2021_04,2021-01-24,0.048005908419497784
2021,4,"20J (Gamma, V3)",6,1354,2021_04,2021-01-24,0.004431314623338257
2021,4,21C (Epsilon),200,1354,2021_04,2021-01-24,0.14771048744460857
2021,4,21F (Iota),62,1354,2021_04,2021-01-24,0.04579025110782865
2021,4,21G (Lambda),2,1354,2021_04,2021-01-24,0.0014771048744460858
2021,5,19B,1,1175,2021_05,2021-01-31,8.51063829787234e-4
2021,5,20A,136,1175,2021_05,2021-01-31,0.11574468085106383
2021,5,20B,91,1175,2021_05,2021-01-31,0.0774468085106383
2021,5,20C,84,1175,2021_05,2021-01-31,0.07148936170212766
2021,5,20D,1,1175,2021_05,2021-01-31,8.51063829787234e-4
2021,5,20E (EU1),4,1175,2021_05,2021-01-31,0.003404255319148936
2021,5,20G,420,1175,2021_05,2021-01-31,0.3574468085106383
2021,5,"20I (Alpha, V1)",83,1175,2021_05,2021-01-31,0.07063829787234042
2021,5,"20J (Gamma, V3)",4,1175,2021_05,2021-01-31,0.003404255319148936
2021,5,21C (Epsilon),233,1175,2021_05,2021-01-31,0.19829787234042554
2021,5,21D (Eta),2,1175,2021_05,2021-01-31,0.001702127659574468
2021,5,21F (Iota),113,1175,2021_05,2021-01-31,0.09617021276595744
2021,5,21G (Lambda),3,1175,2021_05,2021-01-31,0.002553191489361702
2021,6,19B,2,2683,2021_06,2021-02-07,7.454342154304882e-4
2021,6,20A,271,2683,2021_06,2021-02-07,0.10100633619083116
2021,6,20B,245,2683,2021_06,2021-02-07,0.09131569139023481
2021,6,20C,118,2683,2021_06,2021-02-07,0.04398061871039881
2021,6,20D,6,2683,2021_06,2021-02-07,0.0022363026462914647
2021,6,20E (EU1),3,2683,2021_06,2021-02-07,0.0011181513231457323
2021,6,20G,570,2683,2021_06,2021-02-07,0.21244875139768915
2021,6,"20I (Alpha, V1)",139,2683,2021_06,2021-02-07,0.051807677972418933
2021,6,"20J (Gamma, V3)",8,2683,2021_06,2021-02-07,0.002981736861721953
2021,6,21C (Epsilon),1071,2683,2021_06,2021-02-07,0.39918002236302647
2021,6,21D (Eta),2,2683,2021_06,2021-02-07,7.454342154304882e-4
2021,6,21F (Iota),244,2683,2021_06,2021-02-07,0.09094297428251957
2021,6,21G (Lambda),4,2683,2021_06,2021-02-07,0.0014908684308609765
2021,7,19B,3,2138,2021_07,2021-02-14,0.001403180542563143
2021,7,20A,189,2138,2021_07,2021-02-14,0.08840037418147802
2021,7,20B,215,2138,2021_07,2021-02-14,0.10056127221702525
2021,7,20C,107,2138,2021_07,2021-02-14,0.050046772684752105
2021,7,20D,3,2138,2021_07,2021-02-14,0.001403180542563143
2021,7,20G,441,2138,2021_07,2021-02-14,0.20626753975678203
2021,7,"20H (Beta, V2)",2,2138,2021_07,2021-02-14,9.354536950420954e-4
2021,7,"20I (Alpha, V1)",122,2138,2021_07,2021-02-14,0.05706267539756782
2021,7,"20J (Gamma, V3)",18,2138,2021_07,2021-02-14,0.00841908325537886
2021,7,21C (Epsilon),724,2138,2021_07,2021-02-14,0.33863423760523853
2021,7,21F (Iota),310,2138,2021_07,2021-02-14,0.1449953227315248
2021,7,21G (Lambda),2,2138,2021_07,2021-02-14,9.354536950420954e-4
2021,7,21J (Delta),1,2138,2021_07,2021-02-14,4.677268475210477e-4
2021,7,21K (Omicron),1,2138,2021_07,2021-02-14,4.677268475210477e-4
2021,8,19B,1,2569,2021_08,2021-02-21,3.8925652004671076e-4
2021,8,20A,155,2569,2021_08,2021-02-21,0.06033476060724017
2021,8,20B,214,2569,2021_08,2021-02-21,0.08330089528999611
2021,8,20C,118,2569,2021_08,2021-02-21,0.045932269365511876
2021,8,20D,3,2569,2021_08,2021-02-21,0.0011677695601401323
2021,8,20E (EU1),4,2569,2021_08,2021-02-21,0.001557026080186843
2021,8,20G,505,2569,2021_08,2021-02-21,0.19657454262358895
2021,8,"20H (Beta, V2)",7,2569,2021_08,2021-02-21,0.0027247956403269754
2021,8,"20I (Alpha, V1)",271,2569,2021_08,2021-02-21,0.10548851693265862
2021,8,"20J (Gamma, V3)",21,2569,2021_08,2021-02-21,0.008174386920980926
2021,8,21C (Epsilon),929,2569,2021_08,2021-02-21,0.3616193071233943
2021,8,21F (Iota),335,2569,2021_08,2021-02-21,0.1304009342156481
2021,8,21G (Lambda),5,2569,2021_08,2021-02-21,0.001946282600233554
2021,8,21H (Mu),1,2569,2021_08,2021-02-21,3.8925652004671076e-4
2021,9,19A,1,2010,2021_09,2021-02-28,4.975124378109452e-4
2021,9,19B,2,2010,2021_09,2021-02-28,9.950248756218905e-4
2021,9,20A,95,2010,2021_09,2021-02-28,0.0472636815920398
2021,9,20B,156,2010,2021_09,2021-02-28,0.07761194029850746
2021,9,20C,100,2010,2021_09,2021-02-28,0.04975124378109453
2021,9,20D,11,2010,2021_09,2021-02-28,0.005472636815920398
2021,9,20G,312,2010,2021_09,2021-02-28,0.15522388059701492
2021,9,"20H (Beta, V2)",9,2010,2021_09,2021-02-28,0.004477611940298508
2021,9,"20I (Alpha, V1)",321,2010,2021_09,2021-02-28,0.15970149253731344
2021,9,"20J (Gamma, V3)",20,2010,2021_09,2021-02-28,0.009950248756218905
2021,9,21B (Kappa),1,2010,2021_09,2021-02-28,4.975124378109452e-4
2021,9,21C (Epsilon),641,2010,2021_09,2021-02-28,0.3189054726368159
2021,9,21F (Iota),338,2010,2021_09,2021-02-28,0.1681592039800995
2021,9,21G (Lambda),3,2010,2021_09,2021-02-28,0.0014925373134328358
2021,10,19A,3,1952,2021_10,2021-03-07,0.0015368852459016393
2021,10,19B,1,1952,2021_10,2021-03-07,5.122950819672131e-4
2021,10,20A,67,1952,2021_10,2021-03-07,0.03432377049180328
2021,10,20B,137,1952,2021_10,2021-03-07,0.0701844262295082
2021,10,20C,107,1952,2021_10,2021-03-07,0.0548155737704918
2021,10,20D,3,1952,2021_10,2021-03-07,0.0015368852459016393
2021,10,20G,252,1952,2021_10,2021-03-07,0.1290983606557377
2021,10,"20H (Beta, V2)",8,1952,2021_10,2021-03-07,0.004098360655737705
2021,10,"20I (Alpha, V1)",459,1952,2021_10,2021-03-07,0.2351434426229508
2021,10,"20J (Gamma, V3)",35,1952,2021_10,2021-03-07,0.017930327868852458
2021,10,21C (Epsilon),419,1952,2021_10,2021-03-07,0.2146516393442623
2021,10,21D (Eta),2,1952,2021_10,2021-03-07,0.0010245901639344263
2021,10,21F (Iota),449,1952,2021_10,2021-03-07,0.2300204918032787
2021,10,21G (Lambda),9,1952,2021_10,2021-03-07,0.004610655737704918
2021,10,21J (Delta),1,1952,2021_10,2021-03-07,5.122950819672131e-4
2021,11,19B,2,2288,2021_11,2021-03-14,8.741258741258741e-4
2021,11,20A,64,2288,2021_11,2021-03-14,0.027972027972027972
2021,11,20B,145,2288,2021_11,2021-03-14,0.06337412587412587
2021,11,20C,89,2288,2021_11,2021-03-14,0.0388986013986014
2021,11,20D,5,2288,2021_11,2021-03-14,0.0021853146853146855
2021,11,20E (EU1),1,2288,2021_11,2021-03-14,4.3706293706293706e-4
2021,11,20G,198,2288,2021_11,2021-03-14,0.08653846153846154
2021,11,"20H (Beta, V2)",4,2288,2021_11,2021-03-14,0.0017482517482517483
2021,11,"20I (Alpha, V1)",841,2288,2021_11,2021-03-14,0.36756993006993005
2021,11,"20J (Gamma, V3)",39,2288,2021_11,2021-03-14,0.017045454545454544
2021,11,21C (Epsilon),532,2288,2021_11,2021-03-14,0.23251748251748253
2021,11,21D (Eta),5,2288,2021_11,2021-03-14,0.0021853146853146855
2021,11,21F (Iota),357,2288,2021_11,2021-03-14,0.15603146853146854
2021,11,21G (Lambda),3,2288,2021_11,2021-03-14,0.0013111888111888112
2021,11,21H (Mu),3,2288,2021_11,2021-03-14,0.0013111888111888112
2021,12,19A,1,2777,2021_12,2021-03-21,3.6010082823190496e-4
2021,12,19B,1,2777,2021_12,2021-03-21,3.6010082823190496e-4
2021,12,20A,65,2777,2021_12,2021-03-21,0.02340655383507382
2021,12,20B,155,2777,2021_12,2021-03-21,0.05581562837594527
2021,12,20C,77,2777,2021_12,2021-03-21,0.02772776377385668
2021,12,20D,12,2777,2021_12,2021-03-21,0.004321209938782859
2021,12,20G,213,2777,2021_12,2021-03-21,0.07670147641339575
2021,12,"20H (Beta, V2)",6,2777,2021_12,2021-03-21,0.0021606049693914295
2021,12,"20I (Alpha, V1)",1109,2777,2021_12,2021-03-21,0.39935181850918255
2021,12,"20J (Gamma, V3)",52,2777,2021_12,2021-03-21,0.018725243068059057
2021,12,21B (Kappa),1,2777,2021_12,2021-03-21,3.6010082823190496e-4
2021,12,21C (Epsilon),454,2777,2021_12,2021-03-21,0.16348577601728484
2021,12,21D (Eta),11,2777,2021_12,2021-03-21,0.003961109110550955
2021,12,21F (Iota),599,2777,2021_12,2021-03-21,0.21570039611091105
2021,12,21G (Lambda),9,2777,2021_12,2021-03-21,0.0032409074540871445
2021,12,21H (Mu),10,2777,2021_12,2021-03-21,0.0036010082823190494
2021,12,recombinant,2,2777,2021_12,2021-03-21,7.202016564638099e-4
2021,13,19B,5,3240,2021_13,2021-03-28,0.0015432098765432098
2021,13,20A,62,3240,2021_13,2021-03-28,0.019135802469135803
2021,13,20B,227,3240,2021_13,2021-03-28,0.07006172839506172
2021,13,20C,108,3240,2021_13,2021-03-28,0.03333333333333333
2021,13,20D,6,3240,2021_13,2021-03-28,0.001851851851851852
2021,13,20G,130,3240,2021_13,2021-03-28,0.040123456790123455
2021,13,"20H (Beta, V2)",6,3240,2021_13,2021-03-28,0.001851851851851852
2021,13,"20I (Alpha, V1)",1537,3240,2021_13,2021-03-28,0.4743827160493827
2021,13,"20J (Gamma, V3)",118,3240,2021_13,2021-03-28,0.03641975308641975
2021,13,21A (Delta),1,3240,2021_13,2021-03-28,3.0864197530864197e-4
2021,13,21B (Kappa),5,3240,2021_13,2021-03-28,0.0015432098765432098
2021,13,21C (Epsilon),462,3240,2021_13,2021-03-28,0.1425925925925926
2021,13,21D (Eta),2,3240,2021_13,2021-03-28,6.172839506172839e-4
2021,13,21F (Iota),556,3240,2021_13,2021-03-28,0.17160493827160495
2021,13,21G (Lambda),11,3240,2021_13,2021-03-28,0.0033950617283950617
2021,13,21H (Mu),4,3240,2021_13,2021-03-28,0.0012345679012345679
2021,14,19B,1,2871,2021_14,2021-04-04,3.4831069313827936e-4
2021,14,20A,38,2871,2021_14,2021-04-04,0.013235806339254615
2021,14,20B,136,2871,2021_14,2021-04-04,0.04737025426680599
2021,14,20C,77,2871,2021_14,2021-04-04,0.02681992337164751
2021,14,20D,3,2871,2021_14,2021-04-04,0.0010449320794148381
2021,14,20G,61,2871,2021_14,2021-04-04,0.02124695228143504
2021,14,"20H (Beta, V2)",8,2871,2021_14,2021-04-04,0.002786485545106235
2021,14,"20I (Alpha, V1)",1443,2871,2021_14,2021-04-04,0.5026123301985371
2021,14,"20J (Gamma, V3)",125,2871,2021_14,2021-04-04,0.04353883664228492
2021,14,21A (Delta),2,2871,2021_14,2021-04-04,6.966213862765587e-4
2021,14,21B (Kappa),6,2871,2021_14,2021-04-04,0.0020898641588296763
2021,14,21C (Epsilon),243,2871,2021_14,2021-04-04,0.08463949843260188
2021,14,21D (Eta),4,2871,2021_14,2021-04-04,0.0013932427725531174
2021,14,21F (Iota),695,2871,2021_14,2021-04-04,0.24207593173110414
2021,14,21G (Lambda),14,2871,2021_14,2021-04-04,0.004876349703935911
2021,14,21H (Mu),14,2871,2021_14,2021-04-04,0.004876349703935911
2021,14,21I (Delta),1,2871,2021_14,2021-04-04,3.4831069313827936e-4
2021,15,19A,2,4030,2021_15,2021-04-11,4.962779156327543e-4
2021,15,19B,4,4030,2021_15,2021-04-11,9.925558312655087e-4
2021,15,20A,44,4030,2021_15,2021-04-11,0.010918114143920596
2021,15,20B,218,4030,2021_15,2021-04-11,0.054094292803970226
2021,15,20C,73,4030,2021_15,2021-04-11,0.018114143920595533
2021,15,20D,23,4030,2021_15,2021-04-11,0.005707196029776675
2021,15,20G,102,4030,2021_15,2021-04-11,0.025310173697270472
2021,15,"20H (Beta, V2)",27,4030,2021_15,2021-04-11,0.006699751861042184
2021,15,"20I (Alpha, V1)",2104,4030,2021_15,2021-04-11,0.5220843672456575
2021,15,"20J (Gamma, V3)",254,4030,2021_15,2021-04-11,0.0630272952853598
2021,15,21A (Delta),9,4030,2021_15,2021-04-11,0.0022332506203473945
2021,15,21B (Kappa),16,4030,2021_15,2021-04-11,0.003970223325062035
2021,15,21C (Epsilon),437,4030,2021_15,2021-04-11,0.10843672456575683
2021,15,21D (Eta),15,4030,2021_15,2021-04-11,0.0037220843672456576
2021,15,21F (Iota),678,4030,2021_15,2021-04-11,0.16823821339950373
2021,15,21G (Lambda),6,4030,2021_15,2021-04-11,0.001488833746898263
2021,15,21H (Mu),10,4030,2021_15,2021-04-11,0.0024813895781637717
2021,15,21I (Delta),5,4030,2021_15,2021-04-11,0.0012406947890818859
2021,15,21J (Delta),2,4030,2021_15,2021-04-11,4.962779156327543e-4
2021,15,recombinant,1,4030,2021_15,2021-04-11,2.4813895781637717e-4
2021,16,19B,4,3533,2021_16,2021-04-18,0.0011321822813472968
2021,16,20A,20,3533,2021_16,2021-04-18,0.005660911406736484
2021,16,20B,153,3533,2021_16,2021-04-18,0.043305972261534105
2021,16,20C,74,3533,2021_16,2021-04-18,0.020945372204924994
2021,16,20D,6,3533,2021_16,2021-04-18,0.0016982734220209455
2021,16,20G,53,3533,2021_16,2021-04-18,0.015001415227851684
2021,16,"20H (Beta, V2)",37,3533,2021_16,2021-04-18,0.010472686102462497
2021,16,"20I (Alpha, V1)",2129,3533,2021_16,2021-04-18,0.6026040192470988
2021,16,"20J (Gamma, V3)",225,3533,2021_16,2021-04-18,0.06368525332578545
2021,16,21A (Delta),26,3533,2021_16,2021-04-18,0.00735918482875743
2021,16,21B (Kappa),6,3533,2021_16,2021-04-18,0.0016982734220209455
2021,16,21C (Epsilon),314,3533,2021_16,2021-04-18,0.08887630908576281
2021,16,21D (Eta),20,3533,2021_16,2021-04-18,0.005660911406736484
2021,16,21F (Iota),422,3533,2021_16,2021-04-18,0.11944523068213983
2021,16,21G (Lambda),10,3533,2021_16,2021-04-18,0.002830455703368242
2021,16,21H (Mu),2,3533,2021_16,2021-04-18,5.660911406736484e-4
2021,16,21I (Delta),6,3533,2021_16,2021-04-18,0.0016982734220209455
2021,16,21J (Delta),22,3533,2021_16,2021-04-18,0.006227002547410133
2021,16,recombinant,4,3533,2021_16,2021-04-18,0.0011321822813472968
2021,17,19B,2,2800,2021_17,2021-04-25,7.142857142857143e-4
2021,17,20A,39,2800,2021_17,2021-04-25,0.013928571428571429
2021,17,20B,68,2800,2021_17,2021-04-25,0.024285714285714285
2021,17,20C,46,2800,2021_17,2021-04-25,0.016428571428571428
2021,17,20D,9,2800,2021_17,2021-04-25,0.0032142857142857142
2021,17,20G,11,2800,2021_17,2021-04-25,0.003928571428571429
2021,17,"20H (Beta, V2)",30,2800,2021_17,2021-04-25,0.010714285714285714
2021,17,"20I (Alpha, V1)",1893,2800,2021_17,2021-04-25,0.6760714285714285
2021,17,"20J (Gamma, V3)",200,2800,2021_17,2021-04-25,0.07142857142857142
2021,17,21A (Delta),9,2800,2021_17,2021-04-25,0.0032142857142857142
2021,17,21B (Kappa),5,2800,2021_17,2021-04-25,0.0017857142857142857
2021,17,21C (Epsilon),150,2800,2021_17,2021-04-25,0.05357142857142857
2021,17,21D (Eta),6,2800,2021_17,2021-04-25,0.002142857142857143
2021,17,21F (Iota),283,2800,2021_17,2021-04-25,0.10107142857142858
2021,17,21G (Lambda),5,2800,2021_17,2021-04-25,0.0017857142857142857
2021,17,21H (Mu),9,2800,2021_17,2021-04-25,0.0032142857142857142
2021,17,21I (Delta),11,2800,2021_17,2021-04-25,0.003928571428571429
2021,17,21J (Delta),23,2800,2021_17,2021-04-25,0.008214285714285714
2021,17,recombinant,1,2800,2021_17,2021-04-25,3.5714285714285714e-4
2021,18,19A,1,2638,2021_18,2021-05-02,3.790750568612585e-4
2021,18,19B,2,2638,2021_18,2021-05-02,7.58150113722517e-4
2021,18,20A,15,2638,2021_18,2021-05-02,0.005686125852918878
2021,18,20B,55,2638,2021_18,2021-05-02,0.02084912812736922
2021,18,20C,81,2638,2021_18,2021-05-02,0.03070507960576194
2021,18,20G,12,2638,2021_18,2021-05-02,0.004548900682335102
2021,18,"20H (Beta, V2)",15,2638,2021_18,2021-05-02,0.005686125852918878
2021,18,"20I (Alpha, V1)",1860,2638,2021_18,2021-05-02,0.7050796057619408
2021,18,"20J (Gamma, V3)",193,2638,2021_18,2021-05-02,0.0731614859742229
2021,18,21A (Delta),19,2638,2021_18,2021-05-02,0.007202426080363912
2021,18,21B (Kappa),1,2638,2021_18,2021-05-02,3.790750568612585e-4
2021,18,21C (Epsilon),109,2638,2021_18,2021-05-02,0.041319181197877176
2021,18,21D (Eta),3,2638,2021_18,2021-05-02,0.0011372251705837756
2021,18,21F (Iota),192,2638,2021_18,2021-05-02,0.07278241091736164
2021,18,21G (Lambda),3,2638,2021_18,2021-05-02,0.0011372251705837756
2021,18,21H (Mu),5,2638,2021_18,2021-05-02,0.0018953752843062926
2021,18,21I (Delta),9,2638,2021_18,2021-05-02,0.003411675511751327
2021,18,21J (Delta),56,2638,2021_18,2021-05-02,0.02122820318423048
2021,18,recombinant,7,2638,2021_18,2021-05-02,0.00265352539802881
2021,19,19B,3,1989,2021_19,2021-05-09,0.0015082956259426848
2021,19,20A,8,1989,2021_19,2021-05-09,0.004022121669180492
2021,19,20B,37,1989,2021_19,2021-05-09,0.01860231271995978
2021,19,20C,58,1989,2021_19,2021-05-09,0.029160382101558573
2021,19,20D,1,1989,2021_19,2021-05-09,5.027652086475615e-4
2021,19,20G,3,1989,2021_19,2021-05-09,0.0015082956259426848
2021,19,"20H (Beta, V2)",9,1989,2021_19,2021-05-09,0.004524886877828055
2021,19,"20I (Alpha, V1)",1355,1989,2021_19,2021-05-09,0.681246857717446
2021,19,"20J (Gamma, V3)",181,1989,2021_19,2021-05-09,0.09100050276520864
2021,19,21A (Delta),7,1989,2021_19,2021-05-09,0.003519356460532931
2021,19,21C (Epsilon),65,1989,2021_19,2021-05-09,0.032679738562091505
2021,19,21D (Eta),2,1989,2021_19,2021-05-09,0.001005530417295123
2021,19,21F (Iota),156,1989,2021_19,2021-05-09,0.0784313725490196
2021,19,21G (Lambda),13,1989,2021_19,2021-05-09,0.006535947712418301
2021,19,21H (Mu),8,1989,2021_19,2021-05-09,0.004022121669180492
2021,19,21I (Delta),8,1989,2021_19,2021-05-09,0.004022121669180492
2021,19,21J (Delta),69,1989,2021_19,2021-05-09,0.03469079939668175
2021,19,recombinant,6,1989,2021_19,2021-05-09,0.0030165912518853697
2021,20,19B,1,2013,2021_20,2021-05-16,4.967709885742673e-4
2021,20,20A,7,2013,2021_20,2021-05-16,0.003477396920019871
2021,20,20B,59,2013,2021_20,2021-05-16,0.029309488325881768
2021,20,20C,82,2013,2021_20,2021-05-16,0.04073522106308992
2021,20,20D,4,2013,2021_20,2021-05-16,0.001987083954297069
2021,20,20G,3,2013,2021_20,2021-05-16,0.0014903129657228018
2021,20,"20H (Beta, V2)",5,2013,2021_20,2021-05-16,0.0024838549428713363
2021,20,"20I (Alpha, V1)",1342,2013,2021_20,2021-05-16,0.6666666666666666
2021,20,"20J (Gamma, V3)",162,2013,2021_20,2021-05-16,0.08047690014903129
2021,20,21A (Delta),21,2013,2021_20,2021-05-16,0.010432190760059613
2021,20,21C (Epsilon),42,2013,2021_20,2021-05-16,0.020864381520119227
2021,20,21D (Eta),1,2013,2021_20,2021-05-16,4.967709885742673e-4
2021,20,21F (Iota),91,2013,2021_20,2021-05-16,0.04520615996025832
2021,20,21G (Lambda),7,2013,2021_20,2021-05-16,0.003477396920019871
2021,20,21H (Mu),12,2013,2021_20,2021-05-16,0.005961251862891207
2021,20,21I (Delta),17,2013,2021_20,2021-05-16,0.008445106805762544
2021,20,21J (Delta),141,2013,2021_20,2021-05-16,0.07004470938897168
2021,20,recombinant,16,2013,2021_20,2021-05-16,0.007948335817188276
2021,21,19B,1,1390,2021_21,2021-05-23,7.194244604316547e-4
2021,21,20A,3,1390,2021_21,2021-05-23,0.002158273381294964
2021,21,20B,32,1390,2021_21,2021-05-23,0.02302158273381295
2021,21,20C,26,1390,2021_21,2021-05-23,0.01870503597122302
2021,21,20D,1,1390,2021_21,2021-05-23,7.194244604316547e-4
2021,21,"20H (Beta, V2)",4,1390,2021_21,2021-05-23,0.0028776978417266188
2021,21,"20I (Alpha, V1)",801,1390,2021_21,2021-05-23,0.5762589928057554
2021,21,"20J (Gamma, V3)",162,1390,2021_21,2021-05-23,0.11654676258992806
2021,21,21A (Delta),13,1390,2021_21,2021-05-23,0.00935251798561151
2021,21,21C (Epsilon),26,1390,2021_21,2021-05-23,0.01870503597122302
2021,21,21F (Iota),48,1390,2021_21,2021-05-23,0.034532374100719423
2021,21,21G (Lambda),12,1390,2021_21,2021-05-23,0.008633093525179856
2021,21,21H (Mu),28,1390,2021_21,2021-05-23,0.02014388489208633
2021,21,21I (Delta),18,1390,2021_21,2021-05-23,0.012949640287769784
2021,21,21J (Delta),212,1390,2021_21,2021-05-23,0.15251798561151078
2021,21,recombinant,3,1390,2021_21,2021-05-23,0.002158273381294964
2021,22,19B,3,1099,2021_22,2021-05-30,0.00272975432211101
2021,22,20A,3,1099,2021_22,2021-05-30,0.00272975432211101
2021,22,20B,13,1099,2021_22,2021-05-30,0.011828935395814377
2021,22,20C,35,1099,2021_22,2021-05-30,0.03184713375796178
2021,22,20D,3,1099,2021_22,2021-05-30,0.00272975432211101
2021,22,20G,1,1099,2021_22,2021-05-30,9.099181073703367e-4
2021,22,"20H (Beta, V2)",5,1099,2021_22,2021-05-30,0.004549590536851683
2021,22,"20I (Alpha, V1)",537,1099,2021_22,2021-05-30,0.4886260236578708
2021,22,"20J (Gamma, V3)",97,1099,2021_22,2021-05-30,0.08826205641492266
2021,22,21A (Delta),21,1099,2021_22,2021-05-30,0.01910828025477707
2021,22,21C (Epsilon),8,1099,2021_22,2021-05-30,0.007279344858962694
2021,22,21F (Iota),45,1099,2021_22,2021-05-30,0.04094631483166515
2021,22,21G (Lambda),8,1099,2021_22,2021-05-30,0.007279344858962694
2021,22,21H (Mu),15,1099,2021_22,2021-05-30,0.01364877161055505
2021,22,21I (Delta),19,1099,2021_22,2021-05-30,0.017288444040036398
2021,22,21J (Delta),285,1099,2021_22,2021-05-30,0.25932666060054593
2021,22,recombinant,1,1099,2021_22,2021-05-30,9.099181073703367e-4
2021,23,19A,1,1225,2021_23,2021-06-06,8.163265306122449e-4
2021,23,19B,5,1225,2021_23,2021-06-06,0.004081632653061225
2021,23,20A,7,1225,2021_23,2021-06-06,0.005714285714285714
2021,23,20B,13,1225,2021_23,2021-06-06,0.010612244897959184
2021,23,20C,28,1225,2021_23,2021-06-06,0.022857142857142857
2021,23,20D,4,1225,2021_23,2021-06-06,0.0032653061224489797
2021,23,"20I (Alpha, V1)",433,1225,2021_23,2021-06-06,0.35346938775510206
2021,23,"20J (Gamma, V3)",102,1225,2021_23,2021-06-06,0.08326530612244898
2021,23,21A (Delta),47,1225,2021_23,2021-06-06,0.03836734693877551
2021,23,21C (Epsilon),7,1225,2021_23,2021-06-06,0.005714285714285714
2021,23,21F (Iota),27,1225,2021_23,2021-06-06,0.022040816326530613
2021,23,21G (Lambda),10,1225,2021_23,2021-06-06,0.00816326530612245
2021,23,21H (Mu),22,1225,2021_23,2021-06-06,0.017959183673469388
2021,23,21I (Delta),43,1225,2021_23,2021-06-06,0.03510204081632653
2021,23,21J (Delta),467,1225,2021_23,2021-06-06,0.3812244897959184
2021,23,recombinant,9,1225,2021_23,2021-06-06,0.007346938775510204
2021,24,19B,2,1333,2021_24,2021-06-13,0.0015003750937734434
2021,24,20A,6,1333,2021_24,2021-06-13,0.00450112528132033
2021,24,20B,22,1333,2021_24,2021-06-13,0.016504126031507877
2021,24,20C,21,1333,2021_24,2021-06-13,0.015753938484621154
2021,24,20G,1,1333,2021_24,2021-06-13,7.501875468867217e-4
2021,24,"20H (Beta, V2)",1,1333,2021_24,2021-06-13,7.501875468867217e-4
2021,24,"20I (Alpha, V1)",346,1333,2021_24,2021-06-13,0.2595648912228057
2021,24,"20J (Gamma, V3)",93,1333,2021_24,2021-06-13,0.06976744186046512
2021,24,21A (Delta),83,1333,2021_24,2021-06-13,0.0622655663915979
2021,24,21B (Kappa),1,1333,2021_24,2021-06-13,7.501875468867217e-4
2021,24,21C (Epsilon),6,1333,2021_24,2021-06-13,0.00450112528132033
2021,24,21F (Iota),41,1333,2021_24,2021-06-13,0.03075768942235559
2021,24,21G (Lambda),4,1333,2021_24,2021-06-13,0.003000750187546887
2021,24,21H (Mu),30,1333,2021_24,2021-06-13,0.02250562640660165
2021,24,21I (Delta),63,1333,2021_24,2021-06-13,0.047261815453863466
2021,24,21J (Delta),601,1333,2021_24,2021-06-13,0.4508627156789197
2021,24,recombinant,12,1333,2021_24,2021-06-13,0.00900225056264066
2021,25,19B,4,1334,2021_25,2021-06-20,0.0029985007496251873
2021,25,20A,2,1334,2021_25,2021-06-20,0.0014992503748125937
2021,25,20B,13,1334,2021_25,2021-06-20,0.009745127436281859
2021,25,20C,23,1334,2021_25,2021-06-20,0.017241379310344827
2021,25,20G,1,1334,2021_25,2021-06-20,7.496251874062968e-4
2021,25,"20H (Beta, V2)",1,1334,2021_25,2021-06-20,7.496251874062968e-4
2021,25,"20I (Alpha, V1)",199,1334,2021_25,2021-06-20,0.14917541229385306
2021,25,"20J (Gamma, V3)",78,1334,2021_25,2021-06-20,0.05847076461769116
2021,25,21A (Delta),150,1334,2021_25,2021-06-20,0.11244377811094453
2021,25,21C (Epsilon),9,1334,2021_25,2021-06-20,0.006746626686656672
2021,25,21F (Iota),21,1334,2021_25,2021-06-20,0.015742128935532233
2021,25,21G (Lambda),2,1334,2021_25,2021-06-20,0.0014992503748125937
2021,25,21H (Mu),26,1334,2021_25,2021-06-20,0.019490254872563718
2021,25,21I (Delta),109,1334,2021_25,2021-06-20,0.08170914542728636
2021,25,21J (Delta),687,1334,2021_25,2021-06-20,0.5149925037481259
2021,25,recombinant,9,1334,2021_25,2021-06-20,0.006746626686656672
2021,26,19B,11,2207,2021_26,2021-06-27,0.004984141368373357
2021,26,20A,5,2207,2021_26,2021-06-27,0.0022655188038060714
2021,26,20B,7,2207,2021_26,2021-06-27,0.0031717263253285004
2021,26,20C,34,2207,2021_26,2021-06-27,0.015405527865881287
2021,26,"20H (Beta, V2)",3,2207,2021_26,2021-06-27,0.001359311282283643
2021,26,"20I (Alpha, V1)",250,2207,2021_26,2021-06-27,0.11327594019030358
2021,26,"20J (Gamma, V3)",106,2207,2021_26,2021-06-27,0.04802899864068872
2021,26,21A (Delta),276,2207,2021_26,2021-06-27,0.12505663797009514
2021,26,21C (Epsilon),3,2207,2021_26,2021-06-27,0.001359311282283643
2021,26,21F (Iota),21,2207,2021_26,2021-06-27,0.0095151789759855
2021,26,21G (Lambda),2,2207,2021_26,2021-06-27,9.062075215224287e-4
2021,26,21H (Mu),62,2207,2021_26,2021-06-27,0.02809243316719529
2021,26,21I (Delta),195,2207,2021_26,2021-06-27,0.0883552333484368
2021,26,21J (Delta),1214,2207,2021_26,2021-06-27,0.5500679655641142
2021,26,recombinant,18,2207,2021_26,2021-06-27,0.008155867693701857
2021,27,19A,1,2903,2021_27,2021-07-04,3.444712366517396e-4
2021,27,19B,8,2903,2021_27,2021-07-04,0.002755769893213917
2021,27,20A,7,2903,2021_27,2021-07-04,0.002411298656562177
2021,27,20B,7,2903,2021_27,2021-07-04,0.002411298656562177
2021,27,20C,33,2903,2021_27,2021-07-04,0.011367550809507406
2021,27,20D,2,2903,2021_27,2021-07-04,6.889424733034792e-4
2021,27,20G,1,2903,2021_27,2021-07-04,3.444712366517396e-4
2021,27,"20H (Beta, V2)",1,2903,2021_27,2021-07-04,3.444712366517396e-4
2021,27,"20I (Alpha, V1)",162,2903,2021_27,2021-07-04,0.05580434033758181
2021,27,"20J (Gamma, V3)",70,2903,2021_27,2021-07-04,0.02411298656562177
2021,27,21A (Delta),538,2903,2021_27,2021-07-04,0.1853255253186359
2021,27,21C (Epsilon),1,2903,2021_27,2021-07-04,3.444712366517396e-4
2021,27,21F (Iota),17,2903,2021_27,2021-07-04,0.0058560110230795725
2021,27,21G (Lambda),8,2903,2021_27,2021-07-04,0.002755769893213917
2021,27,21H (Mu),44,2903,2021_27,2021-07-04,0.015156734412676542
2021,27,21I (Delta),282,2903,2021_27,2021-07-04,0.09714088873579056
2021,27,21J (Delta),1705,2903,2021_27,2021-07-04,0.587323458491216
2021,27,recombinant,16,2903,2021_27,2021-07-04,0.005511539786427834
2021,28,19A,2,4807,2021_28,2021-07-11,4.1605991262741833e-4
2021,28,19B,2,4807,2021_28,2021-07-11,4.1605991262741833e-4
2021,28,20A,10,4807,2021_28,2021-07-11,0.002080299563137092
2021,28,20B,3,4807,2021_28,2021-07-11,6.240898689411275e-4
2021,28,20C,32,4807,2021_28,2021-07-11,0.006656958602038693
2021,28,20G,1,4807,2021_28,2021-07-11,2.0802995631370917e-4
2021,28,"20H (Beta, V2)",1,4807,2021_28,2021-07-11,2.0802995631370917e-4
2021,28,"20I (Alpha, V1)",160,4807,2021_28,2021-07-11,0.03328479301019347
2021,28,"20J (Gamma, V3)",54,4807,2021_28,2021-07-11,0.011233617640940295
2021,28,21A (Delta),869,4807,2021_28,2021-07-11,0.18077803203661327
2021,28,21F (Iota),10,4807,2021_28,2021-07-11,0.002080299563137092
2021,28,21G (Lambda),3,4807,2021_28,2021-07-11,6.240898689411275e-4
2021,28,21H (Mu),66,4807,2021_28,2021-07-11,0.013729977116704805
2021,28,21I (Delta),488,4807,2021_28,2021-07-11,0.10151861868109008
2021,28,21J (Delta),3086,4807,2021_28,2021-07-11,0.6419804451841065
2021,28,recombinant,20,4807,2021_28,2021-07-11,0.004160599126274184
2021,29,19B,8,5895,2021_29,2021-07-18,0.0013570822731128074
2021,29,20A,19,5895,2021_29,2021-07-18,0.003223070398642918
2021,29,20B,5,5895,2021_29,2021-07-18,8.481764206955047e-4
2021,29,20C,19,5895,2021_29,2021-07-18,0.003223070398642918
2021,29,"20I (Alpha, V1)",108,5895,2021_29,2021-07-18,0.0183206106870229
2021,29,"20J (Gamma, V3)",61,5895,2021_29,2021-07-18,0.010347752332485157
2021,29,21A (Delta),853,5895,2021_29,2021-07-18,0.14469889737065308
2021,29,21F (Iota),5,5895,2021_29,2021-07-18,8.481764206955047e-4
2021,29,21G (Lambda),4,5895,2021_29,2021-07-18,6.785411365564037e-4
2021,29,21H (Mu),70,5895,2021_29,2021-07-18,0.011874469889737066
2021,29,21I (Delta),572,5895,2021_29,2021-07-18,0.09703138252756574
2021,29,21J (Delta),4154,5895,2021_29,2021-07-18,0.7046649703138252
2021,29,recombinant,17,5895,2021_29,2021-07-18,0.002883799830364716
2021,30,19A,3,7392,2021_30,2021-07-25,4.0584415584415587e-4
2021,30,19B,2,7392,2021_30,2021-07-25,2.7056277056277056e-4
2021,30,20A,20,7392,2021_30,2021-07-25,0.0027056277056277055
2021,30,20B,3,7392,2021_30,2021-07-25,4.0584415584415587e-4
2021,30,20C,11,7392,2021_30,2021-07-25,0.001488095238095238
2021,30,20G,1,7392,2021_30,2021-07-25,1.3528138528138528e-4
2021,30,"20I (Alpha, V1)",67,7392,2021_30,2021-07-25,0.009063852813852814
2021,30,"20J (Gamma, V3)",61,7392,2021_30,2021-07-25,0.008252164502164502
2021,30,21A (Delta),888,7392,2021_30,2021-07-25,0.12012987012987013
2021,30,21C (Epsilon),2,7392,2021_30,2021-07-25,2.7056277056277056e-4
2021,30,21F (Iota),7,7392,2021_30,2021-07-25,9.46969696969697e-4
2021,30,21G (Lambda),8,7392,2021_30,2021-07-25,0.0010822510822510823
2021,30,21H (Mu),88,7392,2021_30,2021-07-25,0.011904761904761904
2021,30,21I (Delta),781,7392,2021_30,2021-07-25,0.1056547619047619
2021,30,21J (Delta),5435,7392,2021_30,2021-07-25,0.735254329004329
2021,30,21K (Omicron),2,7392,2021_30,2021-07-25,2.7056277056277056e-4
2021,30,recombinant,13,7392,2021_30,2021-07-25,0.0017586580086580087
2021,31,19A,3,9704,2021_31,2021-08-01,3.0915086562242374e-4
2021,31,19B,3,9704,2021_31,2021-08-01,3.0915086562242374e-4
2021,31,20A,9,9704,2021_31,2021-08-01,9.274525968672713e-4
2021,31,20B,4,9704,2021_31,2021-08-01,4.1220115416323167e-4
2021,31,20C,5,9704,2021_31,2021-08-01,5.152514427040395e-4
2021,31,"20I (Alpha, V1)",34,9704,2021_31,2021-08-01,0.003503709810387469
2021,31,"20J (Gamma, V3)",67,9704,2021_31,2021-08-01,0.0069043693322341304
2021,31,21A (Delta),1155,9704,2021_31,2021-08-01,0.11902308326463314
2021,31,21F (Iota),1,9704,2021_31,2021-08-01,1.0305028854080792e-4
2021,31,21G (Lambda),3,9704,2021_31,2021-08-01,3.0915086562242374e-4
2021,31,21H (Mu),32,9704,2021_31,2021-08-01,0.0032976092333058533
2021,31,21I (Delta),1063,9704,2021_31,2021-08-01,0.10954245671887881
2021,31,21J (Delta),7310,9704,2021_31,2021-08-01,0.7532976092333058
2021,31,recombinant,15,9704,2021_31,2021-08-01,0.0015457543281121187
2021,32,19B,3,8940,2021_32,2021-08-08,3.355704697986577e-4
2021,32,20A,9,8940,2021_32,2021-08-08,0.0010067114093959733
2021,32,20B,2,8940,2021_32,2021-08-08,2.2371364653243848e-4
2021,32,20C,7,8940,2021_32,2021-08-08,7.829977628635347e-4
2021,32,"20I (Alpha, V1)",24,8940,2021_32,2021-08-08,0.0026845637583892616
2021,32,"20J (Gamma, V3)",18,8940,2021_32,2021-08-08,0.0020134228187919465
2021,32,21A (Delta),874,8940,2021_32,2021-08-08,0.09776286353467561
2021,32,21F (Iota),2,8940,2021_32,2021-08-08,2.2371364653243848e-4
2021,32,21G (Lambda),4,8940,2021_32,2021-08-08,4.4742729306487697e-4
2021,32,21H (Mu),13,8940,2021_32,2021-08-08,0.0014541387024608501
2021,32,21I (Delta),890,8940,2021_32,2021-08-08,0.09955257270693513
2021,32,21J (Delta),7088,8940,2021_32,2021-08-08,0.792841163310962
2021,32,recombinant,6,8940,2021_32,2021-08-08,6.711409395973154e-4
2021,33,20A,6,4759,2021_33,2021-08-15,0.0012607690691321706
2021,33,20B,1,4759,2021_33,2021-08-15,2.101281781886951e-4
2021,33,20C,2,4759,2021_33,2021-08-15,4.202563563773902e-4
2021,33,"20I (Alpha, V1)",9,4759,2021_33,2021-08-15,0.001891153603698256
2021,33,"20J (Gamma, V3)",11,4759,2021_33,2021-08-15,0.002311409960075646
2021,33,21A (Delta),274,4759,2021_33,2021-08-15,0.05757512082370246
2021,33,21C (Epsilon),8,4759,2021_33,2021-08-15,0.0016810254255095608
2021,33,21F (Iota),1,4759,2021_33,2021-08-15,2.101281781886951e-4
2021,33,21G (Lambda),2,4759,2021_33,2021-08-15,4.202563563773902e-4
2021,33,21H (Mu),17,4759,2021_33,2021-08-15,0.0035721790292078167
2021,33,21I (Delta),487,4759,2021_33,2021-08-15,0.10233242277789452
2021,33,21J (Delta),3940,4759,2021_33,2021-08-15,0.8279050220634587
2021,33,recombinant,1,4759,2021_33,2021-08-15,2.101281781886951e-4
2021,34,20A,42,6035,2021_34,2021-08-22,0.0069594034797017396
2021,34,20B,1,6035,2021_34,2021-08-22,1.6570008285004143e-4
2021,34,20C,10,6035,2021_34,2021-08-22,0.0016570008285004142
2021,34,20G,19,6035,2021_34,2021-08-22,0.003148301574150787
2021,34,"20I (Alpha, V1)",1,6035,2021_34,2021-08-22,1.6570008285004143e-4
2021,34,"20J (Gamma, V3)",7,6035,2021_34,2021-08-22,0.00115990057995029
2021,34,21A (Delta),350,6035,2021_34,2021-08-22,0.0579950289975145
2021,34,21C (Epsilon),1,6035,2021_34,2021-08-22,1.6570008285004143e-4
2021,34,21F (Iota),1,6035,2021_34,2021-08-22,1.6570008285004143e-4
2021,34,21H (Mu),4,6035,2021_34,2021-08-22,6.628003314001657e-4
2021,34,21I (Delta),499,6035,2021_34,2021-08-22,0.08268434134217068
2021,34,21J (Delta),5099,6035,2021_34,2021-08-22,0.8449047224523613
2021,34,recombinant,1,6035,2021_34,2021-08-22,1.6570008285004143e-4
2021,35,19A,3,7195,2021_35,2021-08-29,4.169562195969423e-4
2021,35,19B,2,7195,2021_35,2021-08-29,2.779708130646282e-4
2021,35,20A,43,7195,2021_35,2021-08-29,0.005976372480889507
2021,35,20B,1,7195,2021_35,2021-08-29,1.389854065323141e-4
2021,35,20C,33,7195,2021_35,2021-08-29,0.0045865184155663655
2021,35,20G,21,7195,2021_35,2021-08-29,0.0029186935371785963
2021,35,"20I (Alpha, V1)",4,7195,2021_35,2021-08-29,5.559416261292564e-4
2021,35,"20J (Gamma, V3)",6,7195,2021_35,2021-08-29,8.339124391938846e-4
2021,35,21A (Delta),323,7195,2021_35,2021-08-29,0.044892286309937454
2021,35,21G (Lambda),2,7195,2021_35,2021-08-29,2.779708130646282e-4
2021,35,21H (Mu),6,7195,2021_35,2021-08-29,8.339124391938846e-4
2021,35,21I (Delta),537,7195,2021_35,2021-08-29,0.07463516330785268
2021,35,21J (Delta),6208,7195,2021_35,2021-08-29,0.862821403752606
2021,35,recombinant,6,7195,2021_35,2021-08-29,8.339124391938846e-4
2021,36,19A,2,7818,2021_36,2021-09-05,2.5581990278843696e-4
2021,36,20A,152,7818,2021_36,2021-09-05,0.019442312611921208
2021,36,20B,1,7818,2021_36,2021-09-05,1.2790995139421848e-4
2021,36,20C,31,7818,2021_36,2021-09-05,0.003965208493220773
2021,36,20G,23,7818,2021_36,2021-09-05,0.002941928882067025
2021,36,"20I (Alpha, V1)",3,7818,2021_36,2021-09-05,3.837298541826554e-4
2021,36,21A (Delta),350,7818,2021_36,2021-09-05,0.04476848298797646
2021,36,21H (Mu),5,7818,2021_36,2021-09-05,6.395497569710924e-4
2021,36,21I (Delta),619,7818,2021_36,2021-09-05,0.07917625991302123
2021,36,21J (Delta),6631,7818,2021_36,2021-09-05,0.8481708876950627
2021,36,recombinant,1,7818,2021_36,2021-09-05,1.2790995139421848e-4
2021,37,19A,7,7952,2021_37,2021-09-12,8.802816901408451e-4
2021,37,20A,82,7952,2021_37,2021-09-12,0.010311871227364185
2021,37,20B,5,7952,2021_37,2021-09-12,6.287726358148893e-4
2021,37,20C,11,7952,2021_37,2021-09-12,0.0013832997987927565
2021,37,20G,24,7952,2021_37,2021-09-12,0.0030181086519114686
2021,37,"20I (Alpha, V1)",1,7952,2021_37,2021-09-12,1.2575452716297788e-4
2021,37,21A (Delta),344,7952,2021_37,2021-09-12,0.043259557344064385
2021,37,21C (Epsilon),73,7952,2021_37,2021-09-12,0.009180080482897384
2021,37,21H (Mu),8,7952,2021_37,2021-09-12,0.001006036217303823
2021,37,21I (Delta),552,7952,2021_37,2021-09-12,0.06941649899396378
2021,37,21J (Delta),6844,7952,2021_37,2021-09-12,0.8606639839034205
2021,37,recombinant,1,7952,2021_37,2021-09-12,1.2575452716297788e-4
2021,38,19A,2,7109,2021_38,2021-09-19,2.813335208890139e-4
2021,38,20A,12,7109,2021_38,2021-09-19,0.0016880011253340836
2021,38,20G,2,7109,2021_38,2021-09-19,2.813335208890139e-4
2021,38,"20I (Alpha, V1)",3,7109,2021_38,2021-09-19,4.220002813335209e-4
2021,38,21A (Delta),260,7109,2021_38,2021-09-19,0.03657335771557181
2021,38,21H (Mu),7,7109,2021_38,2021-09-19,9.846673231115486e-4
2021,38,21I (Delta),448,7109,2021_38,2021-09-19,0.06301870867913911
2021,38,21J (Delta),6375,7109,2021_38,2021-09-19,0.8967505978337319
2021,39,19A,4,6472,2021_39,2021-09-26,6.180469715698393e-4
2021,39,20A,7,6472,2021_39,2021-09-26,0.0010815822002472187
2021,39,20C,1,6472,2021_39,2021-09-26,1.5451174289245981e-4
2021,39,"20I (Alpha, V1)",1,6472,2021_39,2021-09-26,1.5451174289245981e-4
2021,39,"20J (Gamma, V3)",1,6472,2021_39,2021-09-26,1.5451174289245981e-4
2021,39,21A (Delta),170,6472,2021_39,2021-09-26,0.02626699629171817
2021,39,21H (Mu),3,6472,2021_39,2021-09-26,4.635352286773795e-4
2021,39,21I (Delta),319,6472,2021_39,2021-09-26,0.049289245982694685
2021,39,21J (Delta),5966,6472,2021_39,2021-09-26,0.9218170580964153
2021,40,20A,18,6428,2021_40,2021-10-03,0.0028002489110143126
2021,40,21A (Delta),122,6428,2021_40,2021-10-03,0.018979464841319228
2021,40,21H (Mu),1,6428,2021_40,2021-10-03,1.5556938394523958e-4
2021,40,21I (Delta),299,6428,2021_40,2021-10-03,0.04651524579962663
2021,40,21J (Delta),5988,6428,2021_40,2021-10-03,0.9315494710640946
2021,41,19A,1,6074,2021_41,2021-10-10,1.6463615409944023e-4
2021,41,20A,30,6074,2021_41,2021-10-10,0.004939084622983207
2021,41,20C,2,6074,2021_41,2021-10-10,3.2927230819888045e-4
2021,41,21A (Delta),95,6074,2021_41,2021-10-10,0.015640434639446824
2021,41,21I (Delta),306,6074,2021_41,2021-10-10,0.05037866315442871
2021,41,21J (Delta),5639,6074,2021_41,2021-10-10,0.9283832729667435
2021,41,21K (Omicron),1,6074,2021_41,2021-10-10,1.6463615409944023e-4
2021,42,19A,7,7209,2021_42,2021-10-17,9.710084616451658e-4
2021,42,20A,6,7209,2021_42,2021-10-17,8.322929671244278e-4
2021,42,"20J (Gamma, V3)",1,7209,2021_42,2021-10-17,1.3871549452073797e-4
2021,42,21A (Delta),110,7209,2021_42,2021-10-17,0.015258704397281176
2021,42,21I (Delta),274,7209,2021_42,2021-10-17,0.038008045498682204
2021,42,21J (Delta),6810,7209,2021_42,2021-10-17,0.9446525176862256
2021,42,21K (Omicron),1,7209,2021_42,2021-10-17,1.3871549452073797e-4
2021,43,19A,7,7034,2021_43,2021-10-24,9.95166334944555e-4
2021,43,20A,6,7034,2021_43,2021-10-24,8.529997156667614e-4
2021,43,21A (Delta),136,7034,2021_43,2021-10-24,0.019334660221779928
2021,43,21I (Delta),297,7034,2021_43,2021-10-24,0.04222348592550469
2021,43,21J (Delta),6586,7034,2021_43,2021-10-24,0.9363093545635485
2021,43,21K (Omicron),2,7034,2021_43,2021-10-24,2.843332385555871e-4
2021,44,20A,3,9236,2021_44,2021-10-31,3.2481593763534e-4
2021,44,"20J (Gamma, V3)",1,9236,2021_44,2021-10-31,1.0827197921177999e-4
2021,44,21A (Delta),163,9236,2021_44,2021-10-31,0.01764833261152014
2021,44,21I (Delta),367,9236,2021_44,2021-10-31,0.03973581637072326
2021,44,21J (Delta),8701,9236,2021_44,2021-10-31,0.9420744911216977
2021,44,21K (Omicron),1,9236,2021_44,2021-10-31,1.0827197921177999e-4
2021,45,19A,1,6447,2021_45,2021-11-07,1.5511090429657206e-4
2021,45,20A,2,6447,2021_45,2021-11-07,3.102218085931441e-4
2021,45,"20I (Alpha, V1)",1,6447,2021_45,2021-11-07,1.5511090429657206e-4
2021,45,21A (Delta),120,6447,2021_45,2021-11-07,0.018613308515588647
2021,45,21H (Mu),1,6447,2021_45,2021-11-07,1.5511090429657206e-4
2021,45,21I (Delta),181,6447,2021_45,2021-11-07,0.02807507367767954
2021,45,21J (Delta),6141,6447,2021_45,2021-11-07,0.952536063285249
2021,46,20A,1,6173,2021_46,2021-11-14,1.6199578810950914e-4
2021,46,21A (Delta),71,6173,2021_46,2021-11-14,0.01150170095577515
2021,46,21I (Delta),194,6173,2021_46,2021-11-14,0.031427182893244775
2021,46,21J (Delta),5905,6173,2021_46,2021-11-14,0.9565851287866516
2021,46,21K (Omicron),2,6173,2021_46,2021-11-14,3.239915762190183e-4
2021,47,20A,7,7498,2021_47,2021-11-21,9.335822886102961e-4
2021,47,21A (Delta),83,7498,2021_47,2021-11-21,0.011069618564950654
2021,47,21H (Mu),1,7498,2021_47,2021-11-21,1.3336889837289943e-4
2021,47,21I (Delta),204,7498,2021_47,2021-11-21,0.027207255268071485
2021,47,21J (Delta),7194,7498,2021_47,2021-11-21,0.9594558548946386
2021,47,21K (Omicron),9,7498,2021_47,2021-11-21,0.001200320085356095
2021,48,19A,3,7447,2021_48,2021-11-28,4.0284678393984153e-4
2021,48,20A,11,7447,2021_48,2021-11-28,0.0014771048744460858
2021,48,21A (Delta),70,7447,2021_48,2021-11-28,0.009399758291929636
2021,48,21I (Delta),210,7447,2021_48,2021-11-28,0.02819927487578891
2021,48,21J (Delta),7123,7447,2021_48,2021-11-28,0.9564925473344971
2021,48,21K (Omicron),30,7447,2021_48,2021-11-28,0.004028467839398415
2021,49,19A,10,8381,2021_49,2021-12-05,0.0011931750387781887
2021,49,20A,16,8381,2021_49,2021-12-05,0.001909080062045102
2021,49,20B,2,8381,2021_49,2021-12-05,2.3863500775563775e-4
2021,49,20C,1,8381,2021_49,2021-12-05,1.1931750387781887e-4
2021,49,21A (Delta),70,8381,2021_49,2021-12-05,0.00835222527144732
2021,49,21B (Kappa),1,8381,2021_49,2021-12-05,1.1931750387781887e-4
2021,49,21C (Epsilon),1,8381,2021_49,2021-12-05,1.1931750387781887e-4
2021,49,21I (Delta),212,8381,2021_49,2021-12-05,0.025295310822097603
2021,49,21J (Delta),7880,8381,2021_49,2021-12-05,0.9402219305572127
2021,49,21K (Omicron),188,8381,2021_49,2021-12-05,0.022431690729029948
2021,50,19A,6,7345,2021_50,2021-12-12,8.168822328114364e-4
2021,50,20A,9,7345,2021_50,2021-12-12,0.0012253233492171545
2021,50,20B,2,7345,2021_50,2021-12-12,2.722940776038121e-4
2021,50,21A (Delta),53,7345,2021_50,2021-12-12,0.007215793056501021
2021,50,21H (Mu),1,7345,2021_50,2021-12-12,1.3614703880190606e-4
2021,50,21I (Delta),144,7345,2021_50,2021-12-12,0.019605173587474472
2021,50,21J (Delta),5447,7345,2021_50,2021-12-12,0.7415929203539823
2021,50,21K (Omicron),1682,7345,2021_50,2021-12-12,0.228999319264806
2021,50,21M (Omicron),1,7345,2021_50,2021-12-12,1.3614703880190606e-4
2021,51,19A,16,8801,2021_51,2021-12-19,0.00181797523008749
2021,51,20A,30,8801,2021_51,2021-12-19,0.0034087035564140437
2021,51,20B,15,8801,2021_51,2021-12-19,0.0017043517782070218
2021,51,21A (Delta),27,8801,2021_51,2021-12-19,0.0030678332007726397
2021,51,21I (Delta),71,8801,2021_51,2021-12-19,0.008067265083513237
2021,51,21J (Delta),2663,8801,2021_51,2021-12-19,0.3025792523576866
2021,51,21K (Omicron),5978,8801,2021_51,2021-12-19,0.6792409953414384
2021,51,21M (Omicron),1,8801,2021_51,2021-12-19,1.1362345188046812e-4
2021,52,19A,16,11419,2021_52,2021-12-26,0.001401173482791838
2021,52,20A,32,11419,2021_52,2021-12-26,0.002802346965583676
2021,52,20B,35,11419,2021_52,2021-12-26,0.003065066993607146
2021,52,21A (Delta),11,11419,2021_52,2021-12-26,9.633067694193887e-4
2021,52,21I (Delta),23,11419,2021_52,2021-12-26,0.002014186881513267
2021,52,21J (Delta),1167,11419,2021_52,2021-12-26,0.10219809090112969
2021,52,21K (Omicron),10132,11419,2021_52,2021-12-26,0.8872931079779315
2021,52,21L (Omicron),2,11419,2021_52,2021-12-26,1.7514668534897976e-4
2021,52,21M (Omicron),1,11419,2021_52,2021-12-26,8.757334267448988e-5
2022,1,19A,9,12295,2022_01,2022-01-02,7.320048800325336e-4
2022,1,20A,18,12295,2022_01,2022-01-02,0.0014640097600650671
2022,1,20B,70,12295,2022_01,2022-01-02,0.0056933712891419274
2022,1,21A (Delta),8,12295,2022_01,2022-01-02,6.506710044733631e-4
2022,1,21I (Delta),7,12295,2022_01,2022-01-02,5.693371289141927e-4
2022,1,21J (Delta),557,12295,2022_01,2022-01-02,0.04530296868645791
2022,1,21K (Omicron),11620,12295,2022_01,2022-01-02,0.94509963399756
2022,1,21L (Omicron),4,12295,2022_01,2022-01-02,3.2533550223668155e-4
2022,1,21M (Omicron),2,12295,2022_01,2022-01-02,1.6266775111834078e-4
2022,2,19A,6,12490,2022_02,2022-01-09,0.00048038430744595676
2022,2,20A,4,12490,2022_02,2022-01-09,3.202562049639712e-4
2022,2,20B,20,12490,2022_02,2022-01-09,0.0016012810248198558
2022,2,21A (Delta),3,12490,2022_02,2022-01-09,2.4019215372297838e-4
2022,2,21I (Delta),3,12490,2022_02,2022-01-09,2.4019215372297838e-4
2022,2,21J (Delta),177,12490,2022_02,2022-01-09,0.014171337069655725
2022,2,21K (Omicron),12263,12490,2022_02,2022-01-09,0.9818254603682947
2022,2,21L (Omicron),11,12490,2022_02,2022-01-09,8.807045636509207e-4
2022,2,21M (Omicron),1,12490,2022_02,2022-01-09,8.00640512409928e-5
2022,2,recombinant,2,12490,2022_02,2022-01-09,1.601281024819856e-4
2022,3,19A,2,7454,2022_03,2022-01-16,2.6831231553528306e-4
2022,3,20A,1,7454,2022_03,2022-01-16,1.3415615776764153e-4
2022,3,20B,53,7454,2022_03,2022-01-16,0.007110276361685001
2022,3,20G,1,7454,2022_03,2022-01-16,1.3415615776764153e-4
2022,3,21A (Delta),7,7454,2022_03,2022-01-16,9.390931043734908e-4
2022,3,21J (Delta),85,7454,2022_03,2022-01-16,0.01140327341024953
2022,3,21K (Omicron),7282,7454,2022_03,2022-01-16,0.9769251408639656
2022,3,21L (Omicron),20,7454,2022_03,2022-01-16,0.002683123155352831
2022,3,21M (Omicron),1,7454,2022_03,2022-01-16,1.3415615776764153e-4
2022,3,recombinant,2,7454,2022_03,2022-01-16,2.6831231553528306e-4
2022,4,19A,10,6367,2022_04,2022-01-23,0.001570598397989634
2022,4,20A,1,6367,2022_04,2022-01-23,1.5705983979896342e-4
2022,4,20B,41,6367,2022_04,2022-01-23,0.0064394534317575
2022,4,21J (Delta),30,6367,2022_04,2022-01-23,0.004711795193968902
2022,4,21K (Omicron),6257,6367,2022_04,2022-01-23,0.982723417622114
2022,4,21L (Omicron),25,6367,2022_04,2022-01-23,0.003926495994974085
2022,4,recombinant,3,6367,2022_04,2022-01-23,4.711795193968902e-4
2022,5,19A,10,7037,2022_05,2022-01-30,0.0014210601108426886
2022,5,20A,1,7037,2022_05,2022-01-30,1.4210601108426886e-4
2022,5,20B,40,7037,2022_05,2022-01-30,0.005684240443370754
2022,5,21A (Delta),1,7037,2022_05,2022-01-30,1.4210601108426886e-4
2022,5,21J (Delta),18,7037,2022_05,2022-01-30,0.0025579081995168395
2022,5,21K (Omicron),6906,7037,2022_05,2022-01-30,0.9813841125479608
2022,5,21L (Omicron),57,7037,2022_05,2022-01-30,0.008100042631803325
2022,5,21M (Omicron),2,7037,2022_05,2022-01-30,2.842120221685377e-4
2022,5,recombinant,2,7037,2022_05,2022-01-30,2.842120221685377e-4
2022,6,19A,6,4039,2022_06,2022-02-06,0.0014855162168853676
2022,6,20B,23,4039,2022_06,2022-02-06,0.00569447883139391
2022,6,21A (Delta),1,4039,2022_06,2022-02-06,2.475860361475613e-4
2022,6,21I (Delta),1,4039,2022_06,2022-02-06,2.475860361475613e-4
2022,6,21J (Delta),12,4039,2022_06,2022-02-06,0.0029710324337707352
2022,6,21K (Omicron),3936,4039,2022_06,2022-02-06,0.9744986382768012
2022,6,21L (Omicron),57,4039,2022_06,2022-02-06,0.014112404060410992
2022,6,21M (Omicron),2,4039,2022_06,2022-02-06,4.951720722951226e-4
2022,6,recombinant,1,4039,2022_06,2022-02-06,2.475860361475613e-4
2022,7,19A,3,3124,2022_07,2022-02-13,9.603072983354673e-4
2022,7,20B,26,3124,2022_07,2022-02-13,0.008322663252240717
2022,7,21J (Delta),9,3124,2022_07,2022-02-13,0.002880921895006402
2022,7,21K (Omicron),2974,3124,2022_07,2022-02-13,0.9519846350832266
2022,7,21L (Omicron),111,3124,2022_07,2022-02-13,0.035531370038412294
2022,7,21M (Omicron),1,3124,2022_07,2022-02-13,3.201024327784891e-4
2022,8,19A,3,2276,2022_08,2022-02-20,0.0013181019332161687
2022,8,20A,1,2276,2022_08,2022-02-20,4.393673110720562e-4
2022,8,20B,25,2276,2022_08,2022-02-20,0.010984182776801407
2022,8,21J (Delta),5,2276,2022_08,2022-02-20,0.0021968365553602814
2022,8,21K (Omicron),2101,2276,2022_08,2022-02-20,0.9231107205623902
2022,8,21L (Omicron),141,2276,2022_08,2022-02-20,0.06195079086115993
2022,9,19A,2,1196,2022_09,2022-02-27,0.0016722408026755853
2022,9,20B,8,1196,2022_09,2022-02-27,0.006688963210702341
2022,9,21J (Delta),3,1196,2022_09,2022-02-27,0.002508361204013378
2022,9,21K (Omicron),1045,1196,2022_09,2022-02-27,0.8737458193979933
2022,9,21L (Omicron),137,1196,2022_09,2022-02-27,0.11454849498327759
2022,9,recombinant,1,1196,2022_09,2022-02-27,8.361204013377926e-4
2022,10,19A,3,579,2022_10,2022-03-06,0.0051813471502590676
2022,10,20B,5,579,2022_10,2022-03-06,0.008635578583765112
2022,10,21J (Delta),1,579,2022_10,2022-03-06,0.0017271157167530224
2022,10,21K (Omicron),458,579,2022_10,2022-03-06,0.7910189982728842
2022,10,21L (Omicron),111,579,2022_10,2022-03-06,0.19170984455958548
2022,10,21M (Omicron),1,579,2022_10,2022-03-06,0.0017271157167530224
2022,11,20B,1,199,2022_11,2022-03-13,0.005025125628140704
2022,11,21J (Delta),1,199,2022_11,2022-03-13,0.005025125628140704
2022,11,21K (Omicron),120,199,2022_11,2022-03-13,0.6030150753768844
2022,11,21L (Omicron),77,199,2022_11,2022-03-13,0.3869346733668342
2022,12,21K (Omicron),19,46,2022_12,2022-03-20,0.41304347826086957
2022,12,21L (Omicron),27,46,2022_12,2022-03-20,0.5869565217391305
2022,13,21K (Omicron),6,6,2022_13,2022-03-27,1
